{"CV-RMSE": 0.07658192497881884, "CV-MAPE": 0.08906435415358951, "CV-sd-RMSE": 0.00782014897237749, "CV-sd-MAPE": 0.01130225047303566, "Training Time": 1.2605978012084962, "Training Time se": 0.09374416687966025}