{"CV-RMSE": 0.07917266243273868, "CV-MAPE": 0.0888116361922392, "CV-sd-RMSE": 0.005142646063436449, "CV-sd-MAPE": 0.00828499909050693, "Training Time": 1136.0162415981292, "Training Time se": 5.463243326210374}