{"CV-RMSE": 0.07262888568628333, "CV-MAPE": 0.08060153228819178, "CV-sd-RMSE": 0.0055426229346943095, "CV-sd-MAPE": 0.008263125221645665, "Training Time": 1751.490798664093, "Training Time sd": 14.86050634005971}