{"CV-RMSE": 0.32069743388282534, "CV-MAPE": 0.4106021481982044, "CV-sd-RMSE": 0.04460523894170505, "CV-sd-MAPE": 0.05888866727287904, "Training Time": 0.045687532424926756, "Training Time sd": 0.005214967653946262}