{"CV-RMSE": 0.07515126545178405, "CV-MAPE": 0.08461798140632588, "CV-sd-RMSE": 0.004566336568322782, "CV-sd-MAPE": 0.007317694483097046, "Training Time": 363.7890944957733, "Training Time se": 1.1351894581326798}