{"CV-RMSE": 0.0726437245658677, "CV-MAPE": 0.0798043040341874, "CV-sd-RMSE": 0.004775235748587507, "CV-sd-MAPE": 0.006948753102049119, "Training Time": 597.6100020885467, "Training Time se": 2.805203116532619}