{"CV-RMSE": 0.07581893911085907, "CV-MAPE": 0.08495881550776034, "CV-sd-RMSE": 0.004108984318078328, "CV-sd-MAPE": 0.006471938507270588, "Training Time": 288.2721923351288, "Training Time sd": 1.1383144251451522}