{"CV-RMSE": 0.07223116954964526, "CV-MAPE": 0.07628217464545854, "CV-sd-RMSE": 0.004535373156010349, "CV-sd-MAPE": 0.006189422578403173, "Training Time": 478.2772043704987, "Training Time sd": 0.48450174337036106}